nome,email,endereco,telefone
Maria Montenegro,alvesgael-henrique@gmail.com,"Parque de Costela, Santa Terezinha, 59239691 Pacheco / CE",+55 61 8990-4200
Agatha Sampaio,arthur-gabriel22@gmail.com,"Ladeira Ferreira, 6, Cachoeirinha, 56320172 Novais / MA",+55 61 2136-4039
Juan Novais,vargasmirella@gmail.com,"Sítio Melo, 55, Marieta 3ª Seção, 44508835 Moraes / RN",0800 238 1189
Sr. Kevin Lopes,eloa30@gmail.com,"Núcleo Ana Júlia Vieira, 86, Vila Atila De Paiva, 83240-960 Silva / RN",+55 61 6542 1598
Luísa Costela,peixotocamila@gmail.com,"Morro Gabriel Lima, 69, Colégio Batista, 62493855 Pereira / ES",+55 (051) 8966 6196
Stella da Cunha,tgoncalves@gmail.com,"Via Yan Sá, 3, Pirineus, 14681487 Vieira / CE",(041) 6175 5009
Alexia Cavalcante,marquesrael@gmail.com,"Morro João Vitor Vieira, Ribeiro De Abreu, 45102-359 Cardoso / AC",0300-507-5328
Lara Garcia,calebecavalcante@gmail.com,"Travessa Elisa Moraes, Zilah Sposito, 80319-674 Pinto do Norte / PA",0900-470-7367
Luiz Miguel Oliveira,xcamara@gmail.com,"Lago João Lucas da Rocha, 99, Nossa Senhora Aparecida, 29098560 Campos / RR",(071) 5239 7576
Alana Carvalho,psiqueira@gmail.com,"Ladeira Siqueira, 4, Horto, 61869-959 Vasconcelos dos Dourados / RS",61 6397-2579
Leandro Pastor,costasabrina@gmail.com,"Passarela Vargas, 1, Santa Efigênia, 82966271 Souza da Prata / RN",(041) 3322 1237
Raul Araújo,talves@gmail.com,"Avenida de Cunha, 75, Estoril, 49621999 Vieira / CE",0300-783-7019
Srta. Isadora Barros,nunesamanda@gmail.com,"Feira de Rocha, 46, Buritis, 97647-890 Pacheco / MG",+55 61 0246-2350
Bryan Rezende,mviana@gmail.com,"Esplanada Sophia Duarte, 78, Braúnas, 15103-689 Aragão da Prata / PB",11 2951 5323
Henry Gabriel Farias,pgomes@gmail.com,"Trevo de Jesus, 37, Conjunto Capitão Eduardo, 14405-346 Campos Alegre / AP",+55 81 5178-3238
Paulo Silveira,milenaalves@gmail.com,"Viela Emilly Camargo, Urca, 82494-994 Novaes / BA",0800-601-4986
Giovanna Carvalho,mourabeatriz@gmail.com,"Via Dias, 3, Grajaú, 19419-623 Pinto / AP",0900 227 6236
Rafael Souza,catarinaalmeida@gmail.com,"Favela Garcia, 643, Campo Alegre, 42450-079 Casa Grande do Amparo / MG",+55 61 1533 6504
Melissa Aparecida,thomas05@gmail.com,"Travessa de Machado, 29, Pompéia, 17324674 Camargo de da Cunha / AP",+55 (071) 5328 0231
Lívia Barros,luanamendonca@gmail.com,"Largo Sophie Nunes, 4, Vila Paris, 51456-970 Fernandes Grande / MS",41 9913-2551
Matheus Rocha,manuella49@gmail.com,"Via Luiz Henrique da Luz, 78, Vila Oeste, 90222133 Fogaça da Praia / SC",+55 (071) 0706 3096
Marcos Vinicius Freitas,duartemaria-helena@gmail.com,"Estrada Luan Barros, 4, Indaiá, 81964203 Rodrigues de Peixoto / MT",+55 71 2507-7821
Mathias da Costa,ana-laura41@gmail.com,"Jardim Moraes, 26, Venda Nova, 48546-027 Fonseca Paulista / DF",(084) 0025-1106
Paulo Nogueira,hferreira@gmail.com,"Trevo de Jesus, 2, Jardim Leblon, 15191882 Montenegro de Caldeira / SP",51 0663 2976
Mirella Barbosa,manuellada-luz@gmail.com,"Área de Borges, 34, Santo André, 75891665 Fonseca / PB",11 5432 0573
Brayan Nunes,anthony18@gmail.com,"Loteamento Camargo, Vila Bandeirantes, 25822-325 Cunha dos Dourados / SC",+55 61 4512-4037
Caio Freitas,ogoncalves@gmail.com,"Fazenda Albuquerque, 79, São Tomaz, 81577-572 Nascimento / BA",(061) 6133-6063
Yasmin Rodrigues,mmonteiro@gmail.com,"Avenida Dom Martins, 490, Vila Esplanada, 05907428 Montenegro / AP",0500 770 4953
Maria Laura Silva,cunhamaite@gmail.com,"Recanto Nogueira, 10, Vila Nova Gameleira 2ª Seção, 29150419 Mendes / RR",+55 (011) 8276 5336
Dante Montenegro,pedro-miguelgomes@gmail.com,"Avenida Viana, 6, Maravilha, 63367-697 Sales / RO",+55 11 4398-2484
Eduarda Brito,da-costamelissa@gmail.com,"Campo Maria Júlia Marques, 67, Horto, 59787-941 da Mata Alegre / RN",+55 (041) 8124 2988
Nina Andrade,ana-luiza60@gmail.com,"Sítio João Felipe Viana, 99, Universo, 06997363 Oliveira de Minas / PB",(071) 1861 1527
Srta. Ana Luiza Cirino,bryan09@gmail.com,"Jardim Abreu, 72, Alpes, 70069-431 Castro das Pedras / BA",(051) 5158 2183
Maria Clara Vieira,eda-cunha@gmail.com,"Quadra de Siqueira, 86, São Sebastião, 75326396 Porto de Moura / PR",0500-304-9839
Maria Eduarda Rocha,enzocavalcanti@gmail.com,"Avenida Erick Moura, Brasil Industrial, 94153424 Montenegro de Pastor / AL",84 4844 6614
Ravy Duarte,jcaldeira@gmail.com,"Favela Isadora Câmara, 6, Vila Santa Monica 2ª Seção, 73525222 Castro de Nascimento / RJ",+55 31 7667-2281
Isabela Azevedo,zsouza@gmail.com,"Praça da Cruz, 858, Xangri-Lá, 47258-199 Fonseca do Campo / AP",(081) 6450-0299
José Pedro Viana,luanmendes@gmail.com,"Ladeira de Peixoto, 432, Vila São Gabriel Jacui, 24831732 Cavalcante / AC",+55 41 0693 9257
Anna Liz Garcia,vgarcia@gmail.com,"Área de Barbosa, 26, Aeroporto, 24841900 Santos dos Dourados / MG",41 1979-5525
Cauê Pires,peixotoaylla@gmail.com,"Distrito Manuela Moreira, 589, Suzana, 76405907 Brito / PI",+55 61 7532 4129
Luiz Gustavo da Rosa,yviana@gmail.com,"Esplanada da Mota, 26, Apolonia, 76390344 da Luz da Praia / DF",0900 849 2334
Liam Alves,guerralivia@gmail.com,"Campo de da Mota, 523, Vila Tirol, 15375592 Sampaio da Mata / TO",(071) 9135 6290
Vinicius Câmara,leoalmeida@gmail.com,"Residencial Enrico Pacheco, 99, Vila Primeiro De Maio, 58701-546 Mendes Alegre / TO",(021) 5331-2826
Isabelly da Costa,marquesleandro@gmail.com,"Vereda Aragão, 9, Horto Florestal, 04675-542 Moura / PE",+55 51 8665 2700
Joana Alves,leomacedo@gmail.com,"Viaduto Pastor, Candelaria, 61832-643 Vieira / RR",+55 (041) 7874 7575
Carlos Eduardo Rios,bcosta@gmail.com,"Residencial Pires, 92, Cruzeiro, 71300725 Costela / PA",+55 11 7197-0673
Lorenzo Rezende,martinsyago@gmail.com,"Trecho Martins, 99, Indaiá, 36784-933 Andrade de Alves / RN",+55 (071) 9433 3004
Bernardo da Mota,siqueiraluara@gmail.com,"Aeroporto de Rezende, 80, Diamante, 51307439 Pastor / RJ",+55 (084) 1539 5819
Luan Lopes,jcostela@gmail.com,"Quadra Costela, 517, Zilah Sposito, 32049-400 Moraes Verde / SC",+55 (021) 2981 4101
Francisco da Rocha,fonsecavitor-hugo@gmail.com,"Parque de Farias, 74, São Francisco Das Chagas, 00654899 Jesus das Flores / RO",+55 51 5543 2943
Luan Fonseca,ana-beatrizribeiro@gmail.com,"Travessa Allana Guerra, Satelite, 38294-094 Pires / MS",(031) 3329-2299
Maria Sophia Vieira,usouza@gmail.com,"Núcleo de Melo, 59, Bairro Das Indústrias Ii, 70951768 Sousa dos Dourados / ES",+55 84 4704-9950
Henrique Rodrigues,davi-luccaandrade@gmail.com,"Vila de Siqueira, Ernesto Nascimento, 97456955 Cavalcanti / SC",+55 81 9243 0422
Luan Pimenta,anthonymendes@gmail.com,"Parque Farias, 94, Antonio Ribeiro De Abreu 1ª Seção, 32119-950 Porto / AP",+55 (021) 8542 0830
Ana Sophia Gonçalves,vsiqueira@gmail.com,"Avenida Araújo, 308, Bonfim, 81885-949 Correia Verde / SC",(021) 1908-5098
Dr. Vitor Gabriel Sá,isis40@gmail.com,"Recanto Raquel Camargo, 73, Boa Viagem, 37676-250 Moura / RR",+55 (031) 4606 2607
Paulo Martins,bryanvieira@gmail.com,"Rodovia da Rocha, 89, Cabana Do Pai Tomás, 59119742 Silva / PA",+55 84 7860 8631
Oliver Rezende,nogueiraluiz-henrique@gmail.com,"Lago Garcia, 36, São Vicente, 64189507 Farias Verde / ES",(061) 2960-3303
Gabriela Novais,franciscooliveira@gmail.com,"Fazenda Vieira, 13, Centro, 73441600 Cunha / RJ",+55 41 5413-0333
Isabelly Albuquerque,irocha@gmail.com,"Trecho Thiago Ramos, Jardim Alvorada, 62124514 Almeida / RJ",51 0203 3883
Arthur Miguel Camargo,da-cunhaanna-liz@gmail.com,"Viela Gabrielly Costela, 11, Nova Floresta, 08024765 Cassiano / MT",+55 31 0489-5083
Bryan Teixeira,qfogaca@gmail.com,"Lago Oliveira, 94, Guaratã, 41469652 da Mota de Novaes / RS",0500-883-7305
Vitor Hugo Brito,jadenovaes@gmail.com,"Pátio de Ribeiro, 8, Marmiteiros, 85825317 Viana da Serra / PR",0800-420-5941
Antônio da Conceição,oliveirabruno@gmail.com,"Trevo de Garcia, 15, Guaratã, 29712221 Sá Alegre / PR",71 4788 5646
Ana Cecília Martins,nataliaalmeida@gmail.com,"Vale Sá, 747, Santa Isabel, 00214-903 Moreira de Moreira / RS",+55 21 9865 5461
Marcelo Borges,leonardo16@gmail.com,"Parque de Melo, 23, Saudade, 67926-211 Vieira da Prata / RN",+55 84 3389 4690
Isabel Melo,murilo23@gmail.com,"Estação de Porto, 450, Jardim São José, 39615-466 Machado da Mata / AC",(031) 3005 5430
Gabrielly da Mata,ayllacosta@gmail.com,"Favela Fernanda Cavalcanti, 3, Araguaia, 78504-909 Almeida do Norte / TO",+55 (084) 4975 5376
Sra. Clarice Alves,anna-lizcavalcanti@gmail.com,"Sítio das Neves, 766, Palmares, 26813-958 Mendes / SC",+55 61 1446-9873
Benício Borges,dpinto@gmail.com,"Loteamento Marques, 90, Suzana, 22489585 Barros / RN",+55 (021) 3802 3472
Lorenzo Cavalcante,asafe68@gmail.com,"Parque Moreira, 321, Tupi B, 30137-274 Rocha de Barros / RJ",11 5545 6526
Laura da Mota,leovargas@gmail.com,"Setor Giovanna Montenegro, 232, Dona Clara, 76055413 Costela Alegre / RO",+55 71 9576-7046
Aylla Rodrigues,maria-alice20@gmail.com,"Viaduto Pedro Pacheco, 7, Jonas Veiga, 95613417 Garcia da Mata / MA",+55 (011) 6081-7355
Benício Lopes,da-rochaalexandre@gmail.com,"Alameda de das Neves, 60, Vila Paquetá, 80977919 Pereira / PE",0500-081-6303
Ana Lívia Camargo,ualves@gmail.com,"Rodovia Monteiro, 66, Jardim Alvorada, 73668203 Sousa de Goiás / RS",0300-835-4613
Dom da Cunha,silvavicente@gmail.com,"Rodovia Stephany Nogueira, 64, Vera Cruz, 87443-144 Teixeira / MA",51 0297 3980
Alícia Ribeiro,maria-juliaalbuquerque@gmail.com,"Travessa Anthony Gabriel Campos, Vila Cloris, 55215378 Pacheco / RS",+55 (041) 5823 9794
Pedro Lucas Silva,nrezende@gmail.com,"Lagoa Nicolas Campos, 192, Vila Da Ária, 57604269 Almeida / MG",+55 (021) 3953-2471
Ester Albuquerque,tnunes@gmail.com,"Vereda Rafaela Pinto, 140, Dom Bosco, 36552849 Mendes / AL",+55 41 0183 4017
Sr. Luan Rodrigues,zpereira@gmail.com,"Vereda de Gonçalves, 6, Suzana, 92226175 Garcia / SC",+55 41 1217-3172
Gabriela Câmara,aparecidajoaquim@gmail.com,"Ladeira de Lopes, 40, Xodo-Marize, 47264295 Moreira do Galho / RS",(041) 5646 0343
Srta. Alexia Monteiro,vlopes@gmail.com,"Travessa Nascimento, 12, Minas Brasil, 54327-699 Câmara de Nogueira / AM",+55 21 7143-3780
Maria Laura Fogaça,maria-isis25@gmail.com,"Loteamento Camila Cavalcanti, Nova Floresta, 98374-857 Rios de Brito / RJ",11 1892-8987
Levi Pires,tnovais@gmail.com,"Jardim de Cirino, 514, Barreiro, 99124-881 da Paz Alegre / SP",+55 84 2923 3828
Joana Mendes,pintomarcela@gmail.com,"Chácara Eduarda Pires, 249, Vila Nova Dos Milionarios, 89771929 Pastor / AL",+55 84 4885 1073
Elisa Ribeiro,francisco71@gmail.com,"Núcleo Théo Vargas, 16, Piratininga, 07397057 Barros / RR",21 9870 5718
Agatha Pacheco,bpeixoto@gmail.com,"Viela de Cunha, 41, Padre Eustáquio, 86075-251 Lima Grande / RJ",+55 (051) 3350-1363
João Lucas Pimenta,elisa75@gmail.com,"Rodovia Moraes, 542, Novo Aarão Reis, 18319-418 Rodrigues / PA",(051) 3863 5409
Clara Cavalcanti,benjamim07@gmail.com,"Aeroporto Novais, Conjunto Capitão Eduardo, 15232-495 Nogueira do Oeste / CE",+55 21 1254-0261
Bianca da Rosa,zoepastor@gmail.com,"Parque Nathan Casa Grande, 34, Caiçara - Adelaide, 13415147 Carvalho Paulista / MS",0300 172 4980
Sr. Léo Garcia,vmendes@gmail.com,"Colônia de Cavalcanti, Venda Nova, 86618-117 Rios / BA",+55 (084) 1542-1635
Cauê da Costa,zribeiro@gmail.com,"Pátio Bento Freitas, 74, Carlos Prates, 74419851 Silva de Goiás / MT",0900 100 6061
Davi Miguel Moura,nina52@gmail.com,"Praia de Dias, 370, Grota, 06232-250 Vargas de Goiás / MS",+55 (071) 7096-5373
Alícia Monteiro,maria-sophia00@gmail.com,"Passarela Alexandre Brito, 22, Gameleira, 88648406 da Luz Grande / PA",+55 41 4913 9554
Aylla Sales,fcirino@gmail.com,"Colônia de Dias, 29, Jardim Vitoria, 94615-716 Casa Grande do Sul / PB",+55 (011) 0212-8659
Thiago Castro,nmonteiro@gmail.com,"Área da Luz, 21, Barão Homem De Melo 1ª Seção, 61518960 Borges / MS",+55 (041) 5198-7578
Sr. Carlos Eduardo Silveira,da-costaluiz-henrique@gmail.com,"Pátio Sarah da Costa, 27, Centro, 42215-529 Novais / SE",41 2700-7100
Sr. Renan Cassiano,fernando13@gmail.com,"Lagoa de Pastor, 27, Bernadete, 83599662 Rios / TO",61 8275 9994
Dra. Liz das Neves,ramossarah@gmail.com,"Trevo Abreu, Novo Tupi, 03060672 Caldeira / MS",(061) 6818-2978
Ana Cecília Ferreira,fleao@gmail.com,"Loteamento Juan Borges, 97, Acaiaca, 90315-512 Teixeira / TO",(021) 5153-6830
